{"cameraMode":{"drawMode":0,"name":"Shaded","section":"Shading Mode"},"sceneLighting":true,"audioPlay":false,"sceneViewState":{"m_AlwaysRefresh":false,"showFog":true,"showSkybox":true,"showFlares":true,"showImageEffects":true,"showParticleSystems":true,"showVisualEffectGraphs":true,"m_FxEnabled":true},"in2DMode":false,"pivot":{"x":-6.140888690948486,"y":0.0587761253118515,"z":3.122638702392578},"rotation":{"x":-0.31703606247901919,"y":-0.07699573040008545,"z":0.025833114981651307,"w":-0.9449357390403748},"size":2.0051028728485109,"orthographic":false}