{"cameraMode":{"drawMode":0,"name":"Shaded","section":"Shading Mode"},"sceneLighting":true,"audioPlay":false,"sceneViewState":{"m_AlwaysRefresh":true,"showFog":true,"showSkybox":true,"showFlares":true,"showImageEffects":true,"showParticleSystems":true,"showVisualEffectGraphs":true,"m_FxEnabled":true},"in2DMode":false,"pivot":{"x":1.3189167976379395,"y":-3.437869071960449,"z":9.390975952148438},"rotation":{"x":-0.27306392788887026,"y":0.18018600344657899,"z":-0.05214690417051315,"w":-0.9435330033302307},"size":14.503823280334473,"orthographic":false}